Participant_n,Interview length (hh:mm),Date,Age,Nationality,Gender,Education,Using reddit since,Moderating for (years),N(subs moderating)
P1,00:44:00,17/02/2023,26,Hungarian,Non-binary,Post-grad,2013,3.0,1
P2,00:56:00,17/02/2023,28,American,Male,Graduate,2014,4.0,1
P3,01:18:48,17/02/2023,41,Canadian,Male,Post-grad,2019,3.0,1
P4,00:57:28,22/02/2023,38,American,Male,Post-grad,2006,12.0,4
P5,01:09:21,23/02/2023,31,American,Male,Graduate,2016,4.0,24
P6,00:43:40,27/02/2023,27,American,Male,High-school,2014,1.5,1
P7,00:44:07,10/03/2023,36,American,Male,Post-grad,2008,8.0,2
P8,01:15:46,14/03/2023,35,American,Male,Graduate,2009,12.0,12
P9,01:20:58,16/03/2023,56,American,Male,Graduate,2018,4.0,3
P10,00:45:56,17/03/2023,38,Italian/British,Male,Post-grad,2013,2.0,1
P11,01:14:18,24/03/2023,31,Swedish,Male,Post-grad,2010,11.0,3
P12,01:14:31,24/03/2023,29,British,Male,Post-grad,2014,7.0,4
P13,00:39:22,28/03/2023,20,Spanish,Male,High-school,2020,1.0,5
P14,01:03:20,31/03/2023,23,American,Male,Graduate,2013,4.0,6
P15,00:46:00,03/04/2023,34,British,Female,Graduate,2015,6.0,2
P16,01:30:17,09/04/2023,56,Franco-American,Female,Graduate,2011,12.0,4
P17,00:58:06,11/04/2023,42,British-American,Male,Post-grad,2012,6.0,7
P18,01:22:19,11/04/2023,39,British,Non-binary,Graduate,2018,1.0,4
P19,01:45:35,12/04/2023,32,American,Female (trans),Graduate,2017,4.0,5
P20,01:33:15,13/04/2023,26,American,Male,High-school,2016,4.0,2
P21,01:40:39,19/04/2023,28,American,Male,Graduate,2015,3.0,5
P22,00:53:24,19/04/2023,21,American,Female (trans),High-school,2020,3.0,3
P23,01:07:04,19/04/2023,36,American,Female,Graduate,2013,2.0,1
P24,00:39:35,20/04/2023,27,American,Male,Post-grad,2013,5.0,1
P25,01:01:50,26/04/2023,25,American,Male,Graduate,2016,3.0,4
P26,01:13:21,23/05/2023,46,New Zealand,Male,Graduate,2009,4.0,2
P27,00:57:33,10/06/2023,31,American,Male,Graduate,2016,4.0,8
P28,01:15:35,22/06/2023,33,Fillipino ,Male,Graduate,2013,9.0,1
P29,01:20:17,30/06/2023,23,American,Non-binary,Graduate,2019,2.0,2
P30,01:20:06,14/07/2023,23,Indian,Male,Graduate,2014,1.0,1
P31,00:38:50,14/07/2023,20,Indian,Male,High-school,2019,4.0,10
P32,00:52:05,17/07/2023,51,Australian,Male,Post-grad,2007,10.0,4
