Turn,Theme_TM,Theme_AG,Theme_HB,Theme_MH
55.0,Motivations,Motivations,Motivations,Motivations
23.0,Affordances,Affordances,Affordances,Affordances
35.0,Rules,Norms,Managerial,Rules
39.0,Managerial,Managerial,Operational,Operational
65.0,Affordances,Affordances,outlier,Affordances
53.2,Affordances,Motivations,outlier,Motivations
1065.0,Managerial,Operational,Operational,Operational
1046.0,Managerial,Operational,Operational,Operational
1105.0,Rules,Rules,Rules,Rules
1074.0,Affordances,Affordances,Affordances,Operational
1169.0,Rules,Rules,Rules,Rules
1181.1,Motivations,Motivations,Motivations,Motivations
1187.0,Motivations,Motivations,Motivations,Motivations
1173.0,Managerial,Managerial,Managerial,Managerial
1226.1,Norms,Motivations,Motivations,Norms
1218.0,Norms,Operational,Affordances,Motivations
1220.0,Affordances,Norms,Motivations,Norms
1228.0,Motivations,Motivations,Motivations,Motivations
1244.1,Motivations,Managerial,outlier,Managerial
1296.0,Norms,Norms,Operational,Norms
1263.0,Motivations,Managerial,Managerial,Managerial
1331.0,Rules,Operational,Operational,Operational
1321.0,Managerial,Managerial,Managerial,Managerial
1343.0,Operational,Motivations,Motivations,Norms
1323.0,Managerial,Operational,Operational,Managerial
1462.0,Affordances,outlier,outlier,Operational
1432.0,Motivations,Motivations,Motivations,Motivations
1449.0,Rules,Rules,Rules,Rules
1472.0,Affordances,Affordances,Affordances,Affordances
1416.0,Operational,Operational,Operational,Operational
1418.0,Managerial,Managerial,Managerial,Managerial
1443.0,Norms,Norms,Norms,Norms
1479.0,Operational,Norms,Norms,Operational
1571.0,Operational,Operational,Operational,Operational
1549.0,Managerial,Managerial,Managerial,Managerial
1623.0,Norms,Motivations,Motivations,Norms
1605.0,Motivations,Norms,Motivations,Norms
1637.0,Operational,Managerial,Motivations,Managerial
1577.0,Motivations,Operational,Motivations,Motivations
1616.0,Norms,Norms,Norms,Norms
1627.0,Operational,Managerial,outlier,Operational
1619.1,Operational,Operational,Operational,Operational
1724.0,Rules,Managerial,Managerial,Managerial
1724.1,Rules,Operational,Operational,Norms
1897.0,Norms,Norms,Norms,Motivations
1919.0,Rules,Norms,Norms,Norms
1913.0,Motivations,Affordances,Motivations,Affordances
1840.0,Rules,Rules,Operational,Rules
1854.0,Operational,Operational,Operational,Operational
1929.1,Affordances,Norms,outlier,Norms
1929.2,Rules,Norms,Norms,Norms
2049.0,Norms,Norms,Norms,Norms
2029.0,Affordances,Affordances,Motivations,Affordances
1993.0,Managerial,Managerial,Managerial,Managerial
2001.0,Motivations,Motivations,Motivations,Motivations
2044.0,Motivations,Managerial,Motivations,Motivations
2094.0,Norms,Norms,Norms,Norms
2138.0,Motivations,Norms,Motivations,Affordances
2108.1,Operational,Operational,Operational,Operational
2148.0,Affordances,Affordances,Affordances,Affordances
2127.1,Rules,Operational,Operational,Operational
2092.0,Rules,Rules,Rules,Rules
209.22,Managerial,Managerial,Managerial,Managerial
2207.0,Operational,Operational,Operational,Operational
2229.0,Rules,Norms,Norms,Rules
2259.0,Rules,Norms,Norms,outlier
2203.0,Operational,Operational,Operational,Operational
2241.1,Motivations,Motivations,Motivations,Operational
2250.0,Operational,Operational,Operational,Operational
2221.1,Operational,Operational,Operational,Operational
2263.1,Rules,Operational,Operational,Operational
2299.2,Managerial,Managerial,Managerial,Managerial
130.0,Rules,Operational,outlier,Affordances
138.0,Managerial,Managerial,Managerial,Managerial
181.0,Affordances,Operational,outlier,Affordances
168.0,Affordances,Affordances,Operational,Affordances
168.1,Affordances,Affordances,Affordances,Affordances
166.0,Motivations,Operational,Operational,Operational
2421.0,Affordances,Affordances,Norms,Affordances
2375.1,Motivations,Motivations,Motivations,Motivations
2393.1,Motivations,Motivations,Affordances,Affordances
2373.0,Operational,Managerial,Operational,Operational
2382.0,Rules,Operational,Operational,Managerial
2363.0,Operational,Operational,Operational,Operational
2363.3,Operational,Operational,Operational,Operational
2363.4,Managerial,Operational,Operational,Operational
2493.1,Managerial,Managerial,Managerial,Managerial
2484.0,Operational,Operational,Operational,Operational
2467.1,Affordances,Operational,Motivations,Operational
2461.0,Managerial,Managerial,Managerial,Managerial
2502.0,Operational,Operational,Affordances,Operational
2510.3,Affordances,Norms,Motivations,Norms
2590.0,Norms,Norms,Norms,Norms
2592.0,Affordances,Affordances,Operational,Affordances
2677.0,Affordances,Norms,outlier,Affordances
2633.0,Operational,Operational,Operational,Operational
2780.0,Affordances,Affordances,Affordances,Affordances
2785.0,Norms,Motivations,Motivations,Norms
2754.1,Affordances,Motivations,Motivations,Norms
2742.0,Operational,Operational,Operational,Rules
2886.0,Rules,Norms,Norms,Norms
2842.0,Rules,Rules,Rules,Motivations
2875.0,Managerial,Managerial,Managerial,Managerial
2941.0,Rules,Rules,Rules,Rules
2985.1,Motivations,Affordances,outlier,Affordances
3094.0,Managerial,Managerial,Managerial,Managerial
3055.1,Motivations,Motivations,Motivations,Motivations
3031.1,Operational,Rules,Rules,Operational
3039.0,Managerial,Managerial,Managerial,Managerial
3249.0,Norms,Norms,Norms,Norms
3183.0,Rules,Rules,Operational,Rules
3192.0,Motivations,Motivations,Motivations,Motivations
3153.0,Motivations,Managerial,Motivations,Managerial
3262.0,Affordances,Norms,Motivations,Norms
3247.1,Norms,Rules,Motivations,Norms
3242.0,Affordances,Affordances,Affordances,Affordances
3236.1,Motivations,Motivations,Motivations,Motivations
3256.0,Norms,Operational,outlier,Norms
3311.0,Rules,Rules,Rules,Rules
3369.0,Affordances,Norms,outlier,Norms
3347.0,Managerial,Operational,Operational,Operational
3375.0,Affordances,Affordances,Affordances,Affordances
3363.1,Affordances,Affordances,Affordances,Affordances
3327.2,Norms,Norms,outlier,Norms
3319.0,Managerial,Managerial,Managerial,Managerial
3394.1,Managerial,Managerial,outlier,Managerial
3309.1,Managerial,Managerial,Managerial,Managerial
3309.2,Managerial,Operational,Motivations,Operational
242.0,Operational,Operational,Operational,Operational
267.0,Norms,Motivations,Motivations,Motivations
3493.0,Norms,Affordances,outlier,Operational
3463.0,Motivations,Rules,Rules,Rules
3504.1,Norms,Operational,Motivations,Operational
3485.0,Rules,Rules,Rules,Rules
3485.2,Affordances,outlier,outlier,Affordances
3530.2,Affordances,Affordances,Affordances,Affordances
3669.0,Affordances,Affordances,Affordances,Affordances
3659.0,Rules,Norms,Norms,Norms
3583.0,Managerial,Managerial,Managerial,Managerial
3750.0,Motivations,Affordances,Affordances,Affordances
3722.0,Motivations,Motivations,Motivations,Motivations
3758.0,Motivations,Managerial,outlier,Operational
3754.0,Norms,Norms,Norms,Norms
3738.1,Motivations,Motivations,Motivations,Motivations
3728.0,Rules,Rules,Rules,Rules
3746.0,Affordances,Affordances,Affordances,Affordances
3720.1,Motivations,Operational,Motivations,Motivations
325.1,Norms,Norms,Norms,Norms
347.1,Norms,Norms,Norms,Norms
319.0,Norms,Norms,Operational,Managerial
409.0,Managerial,Managerial,Managerial,Managerial
430.0,Operational,Operational,Operational,Operational
407.2,Managerial,Managerial,Managerial,Managerial
397.1,Norms,Norms,Norms,Motivations
579.0,Rules,Rules,outlier,Rules
555.0,Managerial,Operational,Motivations,Motivations
615.0,Affordances,Motivations,Motivations,Norms
543.0,Rules,Operational,Operational,Operational
599.0,Affordances,Affordances,Affordances,Affordances
521.0,Managerial,Managerial,Managerial,Managerial
561.0,Norms,Norms,Norms,Rules
737.0,Affordances,Affordances,outlier,Affordances
723.0,Operational,Operational,Operational,Operational
715.0,Norms,Norms,Norms,Norms
745.0,Affordances,Affordances,Norms,Norms
727.0,Norms,Norms,outlier,Motivations
691.0,Rules,Operational,Motivations,Operational
968.1,Motivations,Norms,Motivations,Rules
950.0,Norms,Operational,Operational,Operational
959.4,Managerial,Operational,outlier,Norms
809.0,Managerial,Managerial,Managerial,Managerial
795.0,Rules,Rules,Rules,Rules
821.0,Operational,Operational,Operational,Operational
827.0,Rules,Operational,Operational,Operational
801.0,Rules,Rules,Managerial,Managerial
